<?xml version='1.0' encoding='utf-8' standalone='yes' ?>
<map>
    <long name="sites_visited_weekly_time" value="1759422978688" />
    <set name="related_sites_visited_weekly_set">
        <string>2037868067</string>
    </set>
    <string name="origins_visited_date">10/2/25</string>
    <set name="origins_visited_set">
        <string>4242250194</string>
        <string>554102935</string>
    </set>
    <set name="sites_visited_weekly_set">
        <string>557681736</string>
        <string>2037868067</string>
    </set>
</map>
