<?xml version='1.0' encoding='utf-8' standalone='yes' ?>
<map>
    <long name="first_open_time" value="1759422971665" />
    <string name="gmp_app_id">1:367269008986:android:79b1ca5495411124</string>
    <string name="app_instance_id">d6cebd2da8f1bd3e57807f1b545cae35</string>
    <long name="session_id" value="1759422972" />
    <boolean name="app_backgrounded" value="false" />
    <long name="health_monitor:start" value="1759422971798" />
    <boolean name="use_service" value="true" />
    <boolean name="deferred_analytics_collection" value="false" />
    <string name="previous_os_version">14</string>
    <boolean name="has_been_opened" value="true" />
    <boolean name="allow_remote_dynamite" value="true" />
    <long name="last_pause_time" value="1759423068802" />
    <boolean name="start_new_session" value="false" />
</map>
