<?xml version='1.0' encoding='utf-8' standalone='yes' ?>
<map>
    <set name="kotlin/2.0.21 device-brand/vivo android-min-sdk/26 fire-analytics/21.3.0 fire-cls/18.6.4 device-name/2127i fire-sessions/1.2.4 device-model/2127 fire-cls-ndk/18.6.4 fire-core-ktx/20.4.2 fire-core/20.4.2 fire-android/34 fire-iid/20.1.6 android-installer/com.google.android.packageinstaller fire-installations/17.2.0 android-platform/ fire-transport/18.1.8 fire-fcm/20.1.6 android-target-sdk/35">
        <string>2025-10-15</string>
    </set>
    <long name="fire-count" value="1" />
    <string name="last-used-date">2025-10-15</string>
    <long name="fire-global" value="1760524373883" />
</map>
