<?xml version='1.0' encoding='utf-8' standalone='yes' ?>
<map>
    <long name="fire-count" value="1" />
    <string name="last-used-date">2025-10-03</string>
    <long name="fire-global" value="1759503662513" />
    <set name="kotlin/2.0.21 device-brand/vivo android-min-sdk/26 fire-cls/18.6.4 fire-analytics/21.3.0 device-name/2127i device-model/2127 fire-sessions/1.2.4 fire-cls-ndk/18.6.4 fire-core-ktx/20.4.2 fire-android/34 fire-core/20.4.2 fire-iid/20.1.6 android-installer/com.google.android.packageinstaller fire-installations/17.2.0 android-platform/ fire-transport/18.1.8 android-target-sdk/35 fire-fcm/20.1.6">
        <string>2025-10-03</string>
    </set>
</map>
