<?xml version='1.0' encoding='utf-8' standalone='yes' ?>
<map>
    <boolean name="PN_registered_successfully_with_MPRS" value="true" />
    <string name="PN_registration_id">dctcuJ04Q6qAM3h4fsugoe:APA91bH2xVRzhGP4Bboc1GAuwe1oV5kdrrNlw2TmzrJOht-MnBWmOuITGHso0FFxTA6cG7seNKFlPcA5ElWzAUYS01Ibv8OddXWoajFHEwNO42WCWrqEc3U</string>
    <string name="PN_OS_notification_state">ACTIVE</string>
    <int name="PN_sequence_number_int" value="3" />
    <boolean name="isHfrSupported_Cache" value="true" />
    <boolean name="isHdrSupported_Cache" value="false" />
    <boolean name="isUhdSupported_Cache" value="false" />
    <boolean name="isReferrerValueSet" value="true" />
    <boolean name="EventSync_shouldForceProcess" value="true" />
    <string name="PN_OS_version">14</string>
    <string name="PN_application_install_id">EU:amazonaiv:2bd21b57-f30b-4c13-b13d-57a530e882f9</string>
    <string name="playbackSupportInfo_Cache">SUPPORTED_HARDWARE</string>
    <boolean name="isDolyDigitalPlusSupported_Cache" value="false" />
    <string name="deviceVideoCodecOverride_Cache">H264;H265</string>
    <boolean name="hasWANSupportBeenDetected" value="true" />
    <boolean name="isHevcSupported_Cache" value="true" />
    <boolean name="isPlaybackSupportCached" value="true" />
    <string name="deviceBitrateAdaptationsOverride_Cache">CBR;CVBR</string>
    <string name="playStoreInstallReferrer">utm_source=google-play&amp;utm_medium=organic</string>
    <boolean name="isHdSupported_Cache" value="true" />
    <string name="PN_app_version">3.0.407.1047</string>
</map>
