{"Fid":"cVlLqEMKTmel6fcpByHASn","Status":3,"RefreshToken":"3_AS3qfwIFI-O8V3Gko-C82VbQ0UXHdDKqaIkl6LTNKmed5aef_3WatC46LJGDPYsLrBBvg1UEpBy2kuV-gTS5EYzrMROKHWI_dYuZNI_sL9iA7WM","AuthToken":"eyJhbGciOiJFUzI1NiIsInR5cCI6IkpXVCJ9.eyJhcHBJZCI6IjE6MzY3MjY5MDA4OTg2OmFuZHJvaWQ6NzliMWNhNTQ5NTQxMTEyNCIsImV4cCI6MTc2MTEyOTE3NSwiZmlkIjoiY1ZsTHFFTUtUbWVsNmZjcEJ5SEFTbiIsInByb2plY3ROdW1iZXIiOjM2NzI2OTAwODk4Nn0.AB2LPV8wRgIhAOSBdzMXPG1FVyui59C_keSPFeBkwWk5ZZmiXPE_SBxJAiEA2Fg4ngHi6eseFcjoCQIaa9qyW9MbqS-U8rECiz9nUN4","TokenCreationEpochInSecs":1760524375,"ExpiresInSecs":604800}