{"Fid":"fVlsGfNFTo6RvpsTCt_FCz","Status":3,"RefreshToken":"3_AS3qfwJ21Fuhwt3hNYS13UYI5nGpyCCB1q-tERE8c1lD4WnM2c5gdoRYMgImfvoaEJeiZvEdxGZKIYIdjMT-pcivjpCXxkG42eiWy2jgTLqzJW0","AuthToken":"eyJhbGciOiJFUzI1NiIsInR5cCI6IkpXVCJ9.eyJhcHBJZCI6IjE6MzY3MjY5MDA4OTg2OmFuZHJvaWQ6NzliMWNhNTQ5NTQxMTEyNCIsImV4cCI6MTc2MDAyNzc3MywiZmlkIjoiZlZsc0dmTkZUbzZSdnBzVEN0X0ZDeiIsInByb2plY3ROdW1iZXIiOjM2NzI2OTAwODk4Nn0.AB2LPV8wRAIgdd7UzuXW7xsqNwOGa8gJDYW2t1TGrxPNbYwiQ2ziuvgCIHSVkCHLQmPtnIa9Nl8nRDwNEwkSuhJrncaHl3Ad1xdc","TokenCreationEpochInSecs":1759422972,"ExpiresInSecs":604800}