{"Fid":"cYLrx-mKS46TUkFN5qDDRu","Status":3,"AuthToken":"eyJhbGciOiJFUzI1NiIsInR5cCI6IkpXVCJ9.eyJhcHBJZCI6IjE6MzU0ODAwNjQ1MzI5OmFuZHJvaWQ6NGM2NjY0NGY4NDc1MTUwYiIsImV4cCI6MTc1OTU4MDk0OSwiZmlkIjoiY1lMcngtbUtTNDZUVWtGTjVxRERSdSIsInByb2plY3ROdW1iZXIiOjM1NDgwMDY0NTMyOX0.AB2LPV8wRgIhAJ0-_zddXnnBbK9liMMfgRijTIj8TOjk4kWueOVF-FU9AiEA_awCrWXC2yHloWPhkysxjKizKzSt-KvMBxjQVvSdGK8","RefreshToken":"3_AS3qfwI6rFhXCT0SaDmTtoUeEmFNNXqGWciDpKg9ynu6MjI24FurCldPuzE-eUMSxhbzvvLueLVVRnyOAzHST1KPQSAaxTHzm3QHvUfBHfuwAD4","TokenCreationEpochInSecs":1758976149,"ExpiresInSecs":604800}