{"Fid":"cFTchD5bSLSOV3MXX6SkxB","Status":3,"RefreshToken":"3_AS3qfwIIvTetZO56taf-PlGWW6zoozNy1j5fC-AiO92hMrbXePtT-YMQjbp5crRKAzNcp2G6MSPRGmPt_tiJT9Oqw9Gj1wLYBHPJEUJWkfbsbg","AuthToken":"eyJhbGciOiJFUzI1NiIsInR5cCI6IkpXVCJ9.eyJhcHBJZCI6IjE6MzY3MjY5MDA4OTg2OmFuZHJvaWQ6NzliMWNhNTQ5NTQxMTEyNCIsImV4cCI6MTc2MDEwODQ2NCwiZmlkIjoiY0ZUY2hENWJTTFNPVjNNWFg2U2t4QiIsInByb2plY3ROdW1iZXIiOjM2NzI2OTAwODk4Nn0.AB2LPV8wRQIgHrcopg8SaObcZRkmJb_qOTLtUoENevANuQSkh3zscE0CIQDsTriZmg1l0-nDDL9gDJMwGCJb8CDVmzBUfY5tUxiBag","TokenCreationEpochInSecs":1759503664,"ExpiresInSecs":604800}