{"Fid":"dIImWEeTSYaj6X8ia9_aHg","Status":3,"RefreshToken":"3_AS3qfwKEuPsozinjr28f0bD4W0JecBCcVjhxGE0HPMyNTtDFUVqiyfDqApQemt5NKMH4Hyh-Ef-n8pmbJhWbqZLEH83MZcSwI7xMNPo6R5yDywI","AuthToken":"eyJhbGciOiJFUzI1NiIsInR5cCI6IkpXVCJ9.eyJhcHBJZCI6IjE6MzY3MjY5MDA4OTg2OmFuZHJvaWQ6NzliMWNhNTQ5NTQxMTEyNCIsImV4cCI6MTc2MDEwNTY1OSwiZmlkIjoiZElJbVdFZVRTWWFqNlg4aWE5X2FIZyIsInByb2plY3ROdW1iZXIiOjM2NzI2OTAwODk4Nn0.AB2LPV8wRQIhAKzzYXKCtvBhw2JXGPL5LhMpFE-oT1AbUXEDKNSZcCyIAiAnTueAFEeVIbFo30Sd4X9uQd3LPOPIDAR2VZZahYXJOg","TokenCreationEpochInSecs":1759500859,"ExpiresInSecs":604800}